{
  "project_info": {
    "project_number": "537052295120",
    "firebase_url": "https://ecom-57656.firebaseio.com",
    "project_id": "ecom-57656",
    "storage_bucket": "ecom-57656.appspot.com"
  },
  "client": [
    {
      "client_info": {
        "mobilesdk_app_id": "1:537052295120:android:f46ef9183d10a4e17b93d5",
        "android_client_info": {
          "package_name": "com.example.ecommerce"
        }
      },
      "oauth_client": [
        {
          "client_id": "537052295120-t68e72ltenclap7hm0o4sodhbf81i845.apps.googleusercontent.com",
          "client_type": 1,
          "android_info": {
            "package_name": "com.example.ecommerce",
            "certificate_hash": "2b764c0073b455d18be01956815181ea1788c24a"
          }
        },
        {
          "client_id": "537052295120-mrf8d0gium31dtm4g1etfdugdhgl3q15.apps.googleusercontent.com",
          "client_type": 3
        }
      ],
      "api_key": [
        {
          "current_key": "AIzaSyBGoWoR5VawsD5Ds3hcWpRT22pJpbJrAHU"
        }
      ],
      "services": {
        "appinvite_service": {
          "other_platform_oauth_client": [
            {
              "client_id": "537052295120-mrf8d0gium31dtm4g1etfdugdhgl3q15.apps.googleusercontent.com",
              "client_type": 3
            }
          ]
        }
      }
    }
  ],
  "configuration_version": "1"
}